ID,Client,Latitude,Longitude,Distance_from_Last,Time_from_Last
14,Client 14,25.854878,-80.27339599999999,2.815439869760274,8.717
19,Client 19,25.85633,-80.287508,1.0041383424260877,4.033
13,Client 13,25.867947,-80.30792,2.045559049051164,7.083
9,Client 9,25.875042,-80.310713,0.7965998483850523,3.85
36,Client 36,25.883882999999997,-80.313973,0.7885220028086047,3.2
32,Client 32,25.887652,-80.31809799999999,0.5965178271838144,2.083
20,Client 20,25.882567,-80.331127,1.2365317459331155,5.2
21,Client 21,25.870162,-80.32715999999999,1.199870754470777,6.183
22,Client 22,25.874353,-80.326662,1.2079486000472244,7.333
5,Client 5,25.899725,-80.337944,3.0204928728547107,13.25
4,Client 4,25.909754,-80.337282,1.7982526998645407,8.033
6,Client 6,25.921676,-80.332595,1.6864056072675755,7.667
30,Client 30,25.931565,-80.326758,1.5900928330868556,5.45
29,Client 29,25.933772,-80.327272,0.16652789342214822,1.117
26,Client 26,25.9429,-80.339292,1.4738961313333416,5.717
3,Client 3,25.941636,-80.34614300000001,1.256415673505909,5.6
28,Client 28,25.937114,-80.320012,2.7551667143052434,8.417
8,Client 8,25.929102,-80.304068,1.475760249543291,5.35
40,Client 40,25.902959,-80.301147,2.9589769719263797,9.583
12,Client 12,25.929776,-80.28321600000001,3.3268296320230655,10.367
24,Client 24,25.949633,-80.280748,1.7951458361812915,6.133
16,Client 16,25.950523,-80.26330300000001,1.6441522611753887,5.3
45,Client 45,25.988207,-80.315276,5.579305802378614,14.067
15,Client 15,25.966784,-80.346919,3.752469956628183,10.217
27,Client 27,25.986615,-80.389558,4.644761206457305,12.35
10,Client 10,26.014356,-80.222985,17.948972870866317,23.15
41,Client 41,25.88901,-80.22227099999999,11.427665999726594,18.75
23,Client 23,25.796535000000002,-80.23481899999999,9.03351684541489,18.167
48,Client 48,25.770551,-80.251593,2.8533436066959124,10.833
11,Client 11,25.767088,-80.27747099999999,2.093404749773199,8.567
7,Client 7,25.755625,-80.302871,2.3170989349671296,8.667
2,Client 2,25.68771,-80.34878499999999,7.051959188238657,13.717
51,Client 51,25.721073,-80.381112,5.610374439211105,11.2
46,Client 46,25.702964,-80.39980600000001,2.433295636720643,6.983
43,Client 43,25.700156,-80.417381,1.437235139871003,4.033
37,Client 37,25.71264,-80.43203199999999,2.1977953695303665,5.583
34,Client 34,25.710372,-80.444236,1.3440292293735319,4.85
44,Client 44,25.720914,-80.407891,3.1503597748145205,9.117
47,Client 47,25.736043,-80.393279,2.1331726049187867,6.867
49,Client 49,25.73555,-80.385851,0.6070811637068612,3.033
17,Client 17,25.771166,-80.397552,3.1609231113375666,11.317
1,Client 1,25.724319,-80.354282,6.264679930903352,16.65
38,Client 38,25.674866,-80.431113,8.627139075645918,21.2
42,Client 42,25.621769,-80.420698,5.091528204108517,12.7
33,Client 33,25.619406,-80.427357,0.8985049771956205,2.717
31,Client 31,25.607788,-80.426484,1.2427454732996135,3.817
35,Client 35,25.609076,-80.441792,1.353349820423279,4.25
39,Client 39,25.602578,-80.423699,2.189096151217269,7.183
50,Client 50,25.548208,-80.378468,9.800912175177402,19.5
18,Client 18,25.45588,-80.43948,10.939267028719849,18.75
25,Client 25,25.470714,-80.495811,4.509923322604298,15.55
